{
  "features": [
    "rainfall_mm",
    "temperature_2m",
    "catchment_area",
    "mean_hand",
    "mean_slope",
    "rainfall_mm_lag_1",
    "rainfall_mm_lag_2",
    "rainfall_mm_lag_3",
    "rainfall_mm_lag_5",
    "rainfall_mm_lag_7",
    "temperature_2m_lag_1",
    "temperature_2m_lag_2",
    "temperature_2m_lag_3",
    "temperature_2m_lag_5",
    "temperature_2m_lag_7",
    "rainfall_mm_3d_sum",
    "rainfall_mm_5d_sum",
    "rainfall_mm_7d_sum"
  ],
  "feature_importance": {
    "rainfall_mm": 0.10840403288602829,
    "temperature_2m": 0.033808767795562744,
    "catchment_area": 0.0,
    "mean_hand": 0.0,
    "mean_slope": 0.0,
    "rainfall_mm_lag_1": 0.06230764463543892,
    "rainfall_mm_lag_2": 0.0805654525756836,
    "rainfall_mm_lag_3": 0.02823827601969242,
    "rainfall_mm_lag_5": 0.02899726666510105,
    "rainfall_mm_lag_7": 0.053126394748687744,
    "temperature_2m_lag_1": 0.02645065262913704,
    "temperature_2m_lag_2": 0.029524024575948715,
    "temperature_2m_lag_3": 0.12312905490398407,
    "temperature_2m_lag_5": 0.048233214765787125,
    "temperature_2m_lag_7": 0.02781439758837223,
    "rainfall_mm_3d_sum": 0.11202122271060944,
    "rainfall_mm_5d_sum": 0.08951523900032043,
    "rainfall_mm_7d_sum": 0.14786434173583984
  },
  "num_features": 18
}