{
  "optimal_threshold": 0.1,
  "f2_score": 0.41899441340782123,
  "recall": 0.40540540540540543,
  "precision": 0.4838709677419355
}