{
  "optimal_threshold": 0.15000000000000002,
  "f2_score": 0.358974358974359,
  "recall": 0.3333333333333333,
  "precision": 0.5185185185185185
}